INDEX,GEOID,CSAFP,CBSAFP,NAME,NAMELSAD,LSAD,MEMI,MTFCC,ALAND,AWATER,INTPTLAT,INTPTLON,ENTRE,IMMIG,ImmiEnter,TOTAL,IMMIGRate,EntreRate,ImmigOwnEntreRate
1,39820,454,39820,"Redding, CA","Redding, CA Metro Area",M1,1,G3110,9778188572,186530168,40.76,-122.04,23,25,7,496,5.04,4.64,1.41
2,40140,348,40140,"Riverside-San Bernardino-Ontario, CA","Riverside-San Bernardino-Ontario, CA Metro Area",M1,1,G3110,70612017093,374752982,34.54,-116.13,NA,2519,NA,8586,29.34,NA,NA
3,40420,466,40420,"Rockford, IL","Rockford, IL Metro Area",M1,1,G3110,2056847303,18446904,42.33,-89.04,58,63,4,649,9.71,8.94,0.62
4,43900,273,43900,"Spartanburg, SC","Spartanburg, SC Metro Area",M1,1,G3110,3424313941,34016289,34.83,-81.84,NA,79,NA,928,8.51,NA,NA
5,45060,532,45060,"Syracuse, NY","Syracuse, NY Metro Area",M1,1,G3110,6176907940,1020646108,43.01,-76.20,NA,111,NA,1362,8.15,NA,NA
6,42220,488,42220,"Santa Rosa, CA","Santa Rosa, CA Metro Area",M1,1,G3110,4081401191,497545934,38.53,-122.93,NA,181,NA,902,20.07,NA,NA
7,41420,440,41420,"Salem, OR","Salem, OR Metro Area",M1,1,G3110,4977573456,34719240,44.90,-122.90,NA,231,NA,1266,18.25,NA,NA
8,41860,488,41860,"San Francisco-Oakland-Hayward, CA","San Francisco-Oakland-Hayward, CA Metro Area",M1,1,G3110,6417203879,2456442138,37.77,-122.27,NA,3630,NA,9622,37.73,NA,NA
9,42100,488,42100,"Santa Cruz-Watsonville, CA","Santa Cruz-Watsonville, CA Metro Area",M1,1,G3110,1152967332,419570851,37.01,-122.01,53,103,9,660,15.61,8.03,1.36
10,42660,500,42660,"Seattle-Tacoma-Bellevue, WA","Seattle-Tacoma-Bellevue, WA Metro Area",M1,1,G3110,15209110951,1132535454,47.55,-121.88,NA,2206,NA,9044,24.39,NA,NA
11,41940,488,41940,"San Jose-Sunnyvale-Santa Clara, CA","San Jose-Sunnyvale-Santa Clara, CA Metro Area",M1,1,G3110,6938387443,40386344,36.91,-121.37,NA,1853,NA,3947,46.95,NA,NA
12,41500,NA,41500,"Salinas, CA","Salinas, CA Metro Area",M1,1,G3110,8496731189,1270747397,36.24,-121.32,NA,339,NA,841,40.31,NA,NA
13,44700,488,44700,"Stockton-Lodi, CA","Stockton-Lodi, CA Metro Area",M1,1,G3110,3603647025,91127543,37.93,-121.27,95,503,26,1458,34.50,6.52,1.78
14,40900,472,40900,"Sacramento--Roseville--Arden-Arcade, CA","Sacramento--Roseville--Arden-Arcade, CA Metro Area",M1,1,G3110,13195191548,548573735,38.79,-121.01,NA,1043,NA,4562,22.86,NA,NA
15,42020,NA,42020,"San Luis Obispo-Paso Robles-Arroyo Grande, CA","San Luis Obispo-Paso Robles-Arroyo Grande, CA Metro Area",M1,1,G3110,8548549787,815580311,35.39,-120.45,53,57,3,514,11.09,10.31,0.58
16,42200,NA,42200,"Santa Maria-Santa Barbara, CA","Santa Maria-Santa Barbara, CA Metro Area",M1,1,G3110,7083927512,2729816973,34.54,-120.04,NA,264,NA,793,33.29,NA,NA
17,44060,518,44060,"Spokane-Spokane Valley, WA","Spokane-Spokane Valley, WA Metro Area",M1,1,G3110,14611513157,272295323,48.19,-117.57,NA,42,NA,1295,3.24,NA,NA
18,41740,NA,41740,"San Diego-Carlsbad, CA","San Diego-Carlsbad, CA Metro Area",M1,1,G3110,10895227071,826282961,33.02,-116.78,NA,2015,NA,6891,29.24,NA,NA
19,41100,NA,41100,"St. George, UT","St. George, UT Metro Area",M1,1,G3110,6285672118,9134289,37.26,-113.49,NA,56,NA,632,8.86,NA,NA
20,41620,482,41620,"Salt Lake City, UT","Salt Lake City, UT Metro Area",M1,1,G3110,19901615700,1055940277,40.57,-112.95,NA,842,NA,5406,15.58,NA,NA
21,42140,106,42140,"Santa Fe, NM","Santa Fe, NM Metro Area",M1,1,G3110,4945412532,3645423,35.51,-105.97,NA,272,NA,992,27.42,NA,NA
22,41700,NA,41700,"San Antonio-New Braunfels, TX","San Antonio-New Braunfels, TX Metro Area",M1,1,G3110,18939886213,150518692,29.43,-98.61,NA,719,NA,4477,16.06,NA,NA
23,43620,NA,43620,"Sioux Falls, SD","Sioux Falls, SD Metro Area",M1,1,G3110,6671079051,27077952,43.50,-97.00,NA,202,NA,3598,5.61,NA,NA
24,43300,206,43300,"Sherman-Denison, TX","Sherman-Denison, TX Metro Area",M1,1,G3110,2415989108,120124595,33.62,-96.68,35,26,4,499,5.21,7.01,0.80
25,43340,NA,43340,"Shreveport-Bossier City, LA","Shreveport-Bossier City, LA Metro Area",M1,1,G3110,8257355725,324450049,32.49,-93.67,NA,31,NA,1856,1.67,NA,NA
26,44180,520,44180,"Springfield, MO","Springfield, MO Metro Area",M1,1,G3110,7787627619,35981602,37.36,-93.18,NA,47,NA,983,4.78,NA,NA
27,41180,476,41180,"St. Louis, MO-IL","St. Louis, MO-IL Metro Area",M1,1,G3110,20366579725,565384553,38.74,-90.35,NA,406,NA,5978,6.79,NA,NA
28,44100,522,44100,"Springfield, IL","Springfield, IL Metro Area",M1,1,G3110,3063280701,25218803,39.83,-89.70,46,25,0,633,3.95,7.27,0.00
29,43780,515,43780,"South Bend-Mishawaka, IN-MI","South Bend-Mishawaka, IN-MI Metro Area",M1,1,G3110,2455267304,56251230,41.77,-86.12,17,19,0,596,3.19,2.85,0.00
30,40980,474,40980,"Saginaw, MI","Saginaw, MI Metro Area",M1,1,G3110,2073181634,40159719,43.33,-84.06,14,28,0,359,7.80,3.90,0.00
31,42340,496,42340,"Savannah, GA","Savannah, GA Metro Area",M1,1,G3110,3477941518,587429320,32.11,-81.27,NA,81,NA,951,8.52,NA,NA
32,40220,NA,40220,"Roanoke, VA","Roanoke, VA Metro Area",M1,1,G3110,4839992437,72598010,37.29,-79.95,10,60,2,428,14.02,2.34,0.47
33,39580,450,39580,"Raleigh, NC","Raleigh, NC Metro Area",M1,1,G3110,5485858939,75685838,35.76,-78.46,NA,462,NA,3087,14.97,NA,NA
34,40380,464,40380,"Rochester, NY","Rochester, NY Metro Area",M1,1,G3110,8459597611,5126899048,43.15,-77.52,NA,140,NA,2159,6.48,NA,NA
35,40060,NA,40060,"Richmond, VA","Richmond, VA Metro Area",M1,1,G3110,11852491242,327650578,37.46,-77.48,NA,314,NA,2513,12.50,NA,NA
36,39740,428,39740,"Reading, PA","Reading, PA Metro Area",M1,1,G3110,2218040257,24252061,40.41,-75.93,31,76,7,743,10.23,4.17,0.94
37,42540,NA,42540,"Scranton--Wilkes-Barre--Hazleton, PA","Scranton--Wilkes-Barre--Hazleton, PA Metro Area",M1,1,G3110,4523197900,77170603,41.32,-75.90,NA,85,NA,1049,8.10,NA,NA
38,41540,NA,41540,"Salisbury, MD-DE","Salisbury, MD-DE Metro Area",M1,1,G3110,5435122260,2080604052,38.40,-75.48,NA,276,NA,2337,11.81,NA,NA
39,44140,521,44140,"Springfield, MA","Springfield, MA Metro Area",M1,1,G3110,2964007223,90781029,42.25,-72.63,NA,164,NA,1717,9.55,NA,NA
40,48660,NA,48660,"Wichita Falls, TX","Wichita Falls, TX Metro Area",M1,1,G3110,6784779872,144176905,33.78,-98.50,NA,44,NA,485,9.07,NA,NA
41,48140,554,48140,"Wausau, WI","Wausau, WI Metro Area",M1,1,G3110,4001539245,81145909,44.90,-89.76,11,8,0,339,2.36,3.24,0.00
42,45300,NA,45300,"Tampa-St. Petersburg-Clearwater, FL","Tampa-St. Petersburg-Clearwater, FL Metro Area",M1,1,G3110,6512932308,2115146547,28.13,-82.47,NA,1199,NA,6349,18.88,NA,NA
43,49340,148,49340,"Worcester, MA-CT","Worcester, MA-CT Metro Area",M1,1,G3110,5240884091,199162317,42.22,-71.93,NA,496,NA,2713,18.28,NA,NA
44,46520,NA,46520,"Urban Honolulu, HI","Urban Honolulu, HI Metro Area",M1,1,G3110,1555505156,4054940027,21.46,-158.20,NA,2382,NA,9531,24.99,NA,NA
45,46700,488,46700,"Vallejo-Fairfield, CA","Vallejo-Fairfield, CA Metro Area",M1,1,G3110,2128379537,218647641,38.27,-121.94,NA,173,NA,791,21.87,NA,NA
46,47300,546,47300,"Visalia-Porterville, CA","Visalia-Porterville, CA Metro Area",M1,1,G3110,12494776875,37391591,36.23,-118.78,NA,365,NA,857,42.59,NA,NA
47,49740,NA,49740,"Yuma, AZ","Yuma, AZ Metro Area",M1,1,G3110,14281191792,13171316,32.77,-113.91,NA,271,NA,672,40.33,NA,NA
48,46060,536,46060,"Tucson, AZ","Tucson, AZ Metro Area",M1,1,G3110,23794325411,5273054,32.13,-111.78,NA,306,NA,1992,15.36,NA,NA
49,48620,556,48620,"Wichita, KS","Wichita, KS Metro Area",M1,1,G3110,12981364606,92855414,37.63,-97.40,NA,309,NA,2452,12.60,NA,NA
50,47380,NA,47380,"Waco, TX","Waco, TX Metro Area",M1,1,G3110,4668694471,81529872,31.43,-97.09,23,91,4,466,19.53,4.94,0.86
51,46140,538,46140,"Tulsa, OK","Tulsa, OK Metro Area",M1,1,G3110,16237998497,493550071,36.25,-96.17,227,404,36,3345,12.08,6.79,1.08
52,45820,NA,45820,"Topeka, KS","Topeka, KS Metro Area",M1,1,G3110,8372470747,148307399,39.04,-95.80,23,61,2,808,7.55,2.85,0.25
53,46340,540,46340,"Tyler, TX","Tyler, TX Metro Area",M1,1,G3110,2386700344,73067567,32.38,-95.27,28,79,14,490,16.12,5.71,2.86
54,47940,NA,47940,"Waterloo-Cedar Falls, IA","Waterloo-Cedar Falls, IA Metro Area",M1,1,G3110,3893008619,28167535,42.54,-92.47,NA,56,NA,800,7.00,NA,NA
55,45460,NA,45460,"Terre Haute, IN","Terre Haute, IN Metro Area",M1,1,G3110,3794391201,51269526,39.39,-87.35,NA,9,NA,496,1.81,NA,NA
56,45220,533,45220,"Tallahassee, FL","Tallahassee, FL Metro Area",M1,1,G3110,6184050070,556601745,30.39,-84.28,41,33,2,765,4.31,5.36,0.26
57,45780,534,45780,"Toledo, OH","Toledo, OH Metro Area",M1,1,G3110,3531467479,673611709,41.54,-83.69,NA,13,NA,1045,1.24,NA,NA
58,47580,356,47580,"Warner Robins, GA","Warner Robins, GA Metro Area",M1,1,G3110,2006923538,19556095,32.40,-83.64,NA,16,NA,356,4.49,NA,NA
59,49660,566,49660,"Youngstown-Warren-Boardman, OH-PA","Youngstown-Warren-Boardman, OH-PA Metro Area",M1,1,G3110,4409156947,108718491,41.24,-80.56,NA,19,NA,1225,1.55,NA,NA
60,49180,268,49180,"Winston-Salem, NC","Winston-Salem, NC Metro Area",M1,1,G3110,5201851143,80932198,36.08,-80.35,48,138,9,1266,10.90,3.79,0.71
61,49020,548,49020,"Winchester, VA-WV","Winchester, VA-WV Metro Area",M1,1,G3110,2753436712,16216599,39.27,-78.47,NA,58,NA,491,11.81,NA,NA
62,47900,548,47900,"Washington-Arlington-Alexandria, DC-VA-MD-WV","Washington-Arlington-Alexandria, DC-VA-MD-WV Metro Area",M1,1,G3110,16178106918,1124017724,38.82,-77.45,NA,6291,NA,27297,23.05,NA,NA
63,48700,558,48700,"Williamsport, PA","Williamsport, PA Metro Area",M1,1,G3110,3182060991,39457017,41.34,-77.06,NA,10,NA,511,1.96,NA,NA
64,49620,276,49620,"York-Hanover, PA","York-Hanover, PA Metro Area",M1,1,G3110,2341884216,16941833,39.92,-76.73,35,51,0,800,6.38,4.38,0.00
65,47260,545,47260,"Virginia Beach-Norfolk-Newport News, VA-NC","Virginia Beach-Norfolk-Newport News, VA-NC Metro Area",M1,1,G3110,6972345097,3214108085,36.86,-76.37,NA,288,NA,3163,9.11,NA,NA
66,48060,NA,48060,"Watertown-Fort Drum, NY","Watertown-Fort Drum, NY Metro Area",M1,1,G3110,3285858287,1524359917,44.00,-76.05,NA,30,NA,622,4.82,NA,NA
67,46540,NA,46540,"Utica-Rome, NY","Utica-Rome, NY Metro Area",M1,1,G3110,6795981620,237487618,43.33,-75.17,33,30,6,601,4.99,5.49,1.00
68,47220,428,47220,"Vineland-Bridgeton, NJ","Vineland-Bridgeton, NJ Metro Area",M1,1,G3110,1252937239,502091171,39.33,-75.12,3,58,2,233,24.89,1.29,0.86
69,45940,408,45940,"Trenton, NJ","Trenton, NJ Metro Area",M1,1,G3110,581629671,11189320,40.28,-74.70,NA,239,NA,686,34.84,NA,NA
70,36420,416,36420,"Oklahoma City, OK","Oklahoma City, OK Metro Area",M1,1,G3110,14275025160,181554378,35.43,-97.51,NA,432,NA,4462,9.68,NA,NA
71,39540,376,39540,"Racine, WI","Racine, WI Metro Area",M1,1,G3110,861267826,1190381792,42.75,-87.41,19,44,4,530,8.30,3.58,0.75
72,38900,440,38900,"Portland-Vancouver-Hillsboro, OR-WA","Portland-Vancouver-Hillsboro, OR-WA Metro Area",M1,1,G3110,17311313130,356212910,45.60,-122.48,NA,1231,NA,7900,15.58,NA,NA
73,34580,500,34580,"Mount Vernon-Anacortes, WA","Mount Vernon-Anacortes, WA Metro Area",M1,1,G3110,4483833372,489315214,48.49,-121.82,NA,84,NA,776,10.82,NA,NA
74,37100,348,37100,"Oxnard-Thousand Oaks-Ventura, CA","Oxnard-Thousand Oaks-Ventura, CA Metro Area",M1,1,G3110,4773381391,945947791,34.36,-119.13,NA,378,NA,1565,24.15,NA,NA
75,36260,482,36260,"Ogden-Clearfield, UT","Ogden-Clearfield, UT Metro Area",M1,1,G3110,18725460886,3639530112,41.62,-113.04,NA,237,NA,2926,8.10,NA,NA
76,39140,NA,39140,"Prescott, AZ","Prescott, AZ Metro Area",M1,1,G3110,21039920080,11501575,34.63,-112.58,NA,40,NA,427,9.37,NA,NA
77,39340,482,39340,"Provo-Orem, UT","Provo-Orem, UT Metro Area",M1,1,G3110,13973702153,400847890,39.87,-112.36,NA,278,NA,2629,10.57,NA,NA
78,38060,NA,38060,"Phoenix-Mesa-Scottsdale, AZ","Phoenix-Mesa-Scottsdale, AZ Metro Area",M1,1,G3110,37723752759,86675785,33.19,-112.07,NA,1829,NA,9124,20.05,NA,NA
79,36220,372,36220,"Odessa, TX","Odessa, TX Metro Area",M1,1,G3110,2325094451,10597923,31.87,-102.54,34,95,11,498,19.08,6.83,2.21
80,36540,420,36540,"Omaha-Council Bluffs, NE-IA","Omaha-Council Bluffs, NE-IA Metro Area",M1,1,G3110,11266396052,148188348,41.29,-96.00,NA,423,NA,4829,8.76,NA,NA
81,38220,340,38220,"Pine Bluff, AR","Pine Bluff, AR Metro Area",M1,1,G3110,5257911386,141461901,34.08,-91.95,53,55,8,1568,3.51,3.38,0.51
82,35380,406,35380,"New Orleans-Metairie, LA","New Orleans-Metairie, LA Metro Area",M1,1,G3110,8293551780,12101115061,29.81,-89.70,NA,482,NA,5264,9.16,NA,NA
83,37900,426,37900,"Peoria, IL","Peoria, IL Metro Area",M1,1,G3110,6399733016,121934958,40.79,-89.51,NA,27,NA,732,3.69,NA,NA
84,36780,118,36780,"Oshkosh-Neenah, WI","Oshkosh-Neenah, WI Metro Area",M1,1,G3110,1125314828,373176432,44.09,-88.67,NA,4,NA,343,1.17,NA,NA
85,37860,NA,37860,"Pensacola-Ferry Pass-Brent, FL","Pensacola-Ferry Pass-Brent, FL Metro Area",M1,1,G3110,4321779039,983764582,30.66,-87.16,NA,54,NA,823,6.56,NA,NA
86,34980,400,34980,"Nashville-Davidson--Murfreesboro--Franklin, TN","Nashville-Davidson--Murfreesboro--Franklin, TN Metro Area",M1,1,G3110,16321410263,197967875,36.09,-86.73,NA,487,NA,4953,9.83,NA,NA
87,35660,515,35660,"Niles-Benton Harbor, MI","Niles-Benton Harbor, MI Metro Area",M1,1,G3110,1470458178,2625533765,41.79,-86.74,17,24,0,406,5.91,4.19,0.00
88,34740,266,34740,"Muskegon, MI","Muskegon, MI Metro Area",M1,1,G3110,1295054226,2486391831,43.29,-86.75,17,8,0,492,1.63,3.46,0.00
89,37460,NA,37460,"Panama City, FL","Panama City, FL Metro Area",M1,1,G3110,3398182520,1205718482,30.10,-85.47,NA,43,NA,531,8.10,NA,NA
90,35840,412,35840,"North Port-Sarasota-Bradenton, FL","North Port-Sarasota-Bradenton, FL Metro Area",M1,1,G3110,3364246958,826435641,27.36,-82.32,97,209,25,1303,16.04,7.44,1.92
91,36100,NA,36100,"Ocala, FL","Ocala, FL Metro Area",M1,1,G3110,4112985503,193293405,29.20,-82.04,70,78,11,579,13.47,12.09,1.90
92,34940,162,34940,"Naples-Immokalee-Marco Island, FL","Naples-Immokalee-Marco Island, FL Metro Area",M1,1,G3110,5176959832,792901545,26.12,-81.40,89,210,29,660,31.82,13.48,4.39
93,36740,422,36740,"Orlando-Kissimmee-Sanford, FL","Orlando-Kissimmee-Sanford, FL Metro Area",M1,1,G3110,9012049786,1377779539,28.43,-81.36,NA,1131,NA,4823,23.45,NA,NA
94,37340,NA,37340,"Palm Bay-Melbourne-Titusville, FL","Palm Bay-Melbourne-Titusville, FL Metro Area",M1,1,G3110,2629960540,1402786334,28.30,-80.70,NA,64,NA,1009,6.34,NA,NA
95,38940,370,38940,"Port St. Lucie, FL","Port St. Lucie, FL Metro Area",M1,1,G3110,2888882297,843124181,27.23,-80.43,NA,180,NA,721,24.97,NA,NA
96,38300,430,38300,"Pittsburgh, PA","Pittsburgh, PA Metro Area",M1,1,G3110,13678958451,157924987,40.43,-79.83,NA,207,NA,4727,4.38,NA,NA
97,34820,396,34820,"Myrtle Beach-Conway-North Myrtle Beach, SC-NC","Myrtle Beach-Conway-North Myrtle Beach, SC-NC Metro Area",M1,1,G3110,5136165448,833808418,33.97,-78.61,67,54,12,903,5.98,7.42,1.33
98,37980,428,37980,"Philadelphia-Camden-Wilmington, PA-NJ-DE-MD","Philadelphia-Camden-Wilmington, PA-NJ-DE-MD Metro Area",M1,1,G3110,11920145588,693341961,39.90,-75.31,NA,2197,NA,15362,14.30,NA,NA
99,35620,408,35620,"New York-Newark-Jersey City, NY-NJ-PA","New York-Newark-Jersey City, NY-NJ-PA Metro Area",M1,1,G3110,21478408908,6689374328,40.90,-73.90,NA,12611,NA,37968,33.21,NA,NA
100,35300,408,35300,"New Haven-Milford, CT","New Haven-Milford, CT Metro Area",M1,1,G3110,1565645638,667096946,41.35,-72.90,NA,369,NA,2139,17.25,NA,NA
101,35980,278,35980,"Norwich-New London, CT","Norwich-New London, CT Metro Area",M1,1,G3110,1722641876,276619712,41.47,-72.11,NA,104,NA,647,16.07,NA,NA
102,39300,148,39300,"Providence-Warwick, RI-MA","Providence-Warwick, RI-MA Metro Area",M1,1,G3110,4110362048,1681136832,41.70,-71.29,NA,1628,NA,9634,16.90,NA,NA
103,38860,438,38860,"Portland-South Portland, ME","Portland-South Portland, ME Metro Area",M1,1,G3110,5388280775,2011849387,43.65,-70.42,NA,131,NA,3387,3.87,NA,NA
104,33460,378,33460,"Minneapolis-St. Paul-Bloomington, MN-WI","Minneapolis-St. Paul-Bloomington, MN-WI Metro Area",M1,1,G3110,19781159640,1248717247,45.06,-93.35,NA,1009,NA,7731,13.05,NA,NA
105,33340,376,33340,"Milwaukee-Waukesha-West Allis, WI","Milwaukee-Waukesha-West Allis, WI Metro Area",M1,1,G3110,3767864626,4835860493,43.02,-87.48,NA,320,NA,3373,9.49,NA,NA
106,21660,NA,21660,"Eugene, OR","Eugene, OR Metro Area",M1,1,G3110,11792794737,436681302,43.93,-122.90,NA,126,NA,1063,11.85,NA,NA
107,32780,366,32780,"Medford, OR","Medford, OR Metro Area",M1,1,G3110,7209372699,46860852,42.41,-122.68,NA,121,NA,892,13.57,NA,NA
108,33700,382,33700,"Modesto, CA","Modesto, CA Metro Area",M1,1,G3110,3870867629,51101821,37.56,-121.00,40,282,18,1041,27.09,3.84,1.73
109,25260,546,25260,"Hanford-Corcoran, CA","Hanford-Corcoran, CA Metro Area",M1,1,G3110,3598582456,5468555,36.07,-119.82,NA,216,NA,731,29.55,NA,NA
110,23420,260,23420,"Fresno, CA","Fresno, CA Metro Area",M1,1,G3110,15433278958,135402551,36.76,-119.66,NA,545,NA,2023,26.94,NA,NA
111,31080,348,31080,"Los Angeles-Long Beach-Anaheim, CA","Los Angeles-Long Beach-Anaheim, CA Metro Area",M1,1,G3110,12558589615,2202092049,34.11,-118.18,NA,11244,NA,28209,39.86,NA,NA
112,22140,NA,22140,"Farmington, NM","Farmington, NM Metro Area",M1,1,G3110,14279077920,65425890,36.51,-108.32,NA,50,NA,905,5.52,NA,NA
113,10740,106,10740,"Albuquerque, NM","Albuquerque, NM Metro Area",M1,1,G3110,24041256743,37921741,35.12,-106.46,NA,936,NA,7060,13.26,NA,NA
114,21340,238,21340,"El Paso, TX","El Paso, TX Metro Area",M1,1,G3110,14461646726,7634538,31.53,-105.52,NA,466,NA,1643,28.36,NA,NA
115,22660,NA,22660,"Fort Collins, CO","Fort Collins, CO Metro Area",M1,1,G3110,6723986975,98048035,40.66,-105.49,50,14,3,594,2.36,8.42,0.51
116,19740,216,19740,"Denver-Aurora-Lakewood, CO","Denver-Aurora-Lakewood, CO Metro Area",M1,1,G3110,21615642000,147293259,39.43,-104.90,NA,867,NA,6031,14.38,NA,NA
117,24540,216,24540,"Greeley, CO","Greeley, CO Metro Area",M1,1,G3110,10326656276,76677079,40.55,-104.39,NA,67,NA,679,9.87,NA,NA
118,11100,108,11100,"Amarillo, TX","Amarillo, TX Metro Area",M1,1,G3110,13338829042,87118916,35.25,-101.91,26,49,3,530,9.25,4.91,0.57
119,31180,352,31180,"Lubbock, TX","Lubbock, TX Metro Area",M1,1,G3110,6961014817,21260554,33.47,-101.65,20,46,2,481,9.56,4.16,0.42
120,10180,NA,10180,"Abilene, TX","Abilene, TX Metro Area",M1,1,G3110,7105577372,36847363,32.45,-99.72,NA,42,NA,499,8.42,NA,NA
121,32580,365,32580,"McAllen-Edinburg-Mission, TX","McAllen-Edinburg-Mission, TX Metro Area",M1,1,G3110,4068610100,31102596,26.40,-98.18,89,432,57,1428,30.25,6.23,3.99
122,22020,244,22020,"Fargo, ND-MN","Fargo, ND-MN Metro Area",M1,1,G3110,7278667047,26517816,46.91,-96.96,NA,260,NA,3095,8.40,NA,NA
123,26420,288,26420,"Houston-The Woodlands-Sugar Land, TX","Houston-The Woodlands-Sugar Land, TX Metro Area",M1,1,G3110,21395340858,3064071034,29.75,-95.35,NA,4153,NA,12633,32.87,NA,NA
124,30980,346,30980,"Longview, TX","Longview, TX Metro Area",M1,1,G3110,4611066613,68442652,32.36,-94.82,35,50,6,719,6.95,4.87,0.83
125,22900,NA,22900,"Fort Smith, AR-OK","Fort Smith, AR-OK Metro Area",M1,1,G3110,8768726732,226572927,35.20,-94.56,45,55,0,992,5.54,4.54,0.00
126,22220,NA,22220,"Fayetteville-Springdale-Rogers, AR-MO","Fayetteville-Springdale-Rogers, AR-MO Metro Area",M1,1,G3110,8192540477,129289519,36.20,-94.12,147,456,19,2957,15.42,4.97,0.64
127,19780,218,19780,"Des Moines-West Des Moines, IA","Des Moines-West Des Moines, IA Metro Area",M1,1,G3110,7468132027,73435205,41.54,-93.94,NA,204,NA,2076,9.83,NA,NA
128,30780,340,30780,"Little Rock-North Little Rock-Conway, AR","Little Rock-North Little Rock-Conway, AR Metro Area",M1,1,G3110,10578440901,295694130,34.76,-92.40,NA,316,NA,4026,7.85,NA,NA
129,33740,384,33740,"Monroe, LA","Monroe, LA Metro Area",M1,1,G3110,3852321100,128888970,32.69,-92.26,NA,23,NA,839,2.74,NA,NA
130,32820,368,32820,"Memphis, TN-MS-AR","Memphis, TN-MS-AR Metro Area",M1,1,G3110,12910527030,319234186,35.01,-89.82,NA,294,NA,3812,7.71,NA,NA
131,31540,357,31540,"Madison, WI","Madison, WI Metro Area",M1,1,G3110,8571132545,200856004,43.08,-89.60,NA,205,NA,1425,14.39,NA,NA
132,11540,118,11540,"Appleton, WI","Appleton, WI Metro Area",M1,1,G3110,2475494072,222455372,44.29,-88.37,27,22,1,586,3.75,4.61,0.17
133,33660,380,33660,"Mobile, AL","Mobile, AL Metro Area",M1,1,G3110,3184121204,1073852495,30.68,-88.20,NA,41,NA,1350,3.04,NA,NA
134,24580,267,24580,"Green Bay, WI","Green Bay, WI Metro Area",M1,1,G3110,4843697458,2534691724,44.47,-88.00,49,28,1,675,4.15,7.26,0.15
135,22520,NA,22520,"Florence-Muscle Shoals, AL","Florence-Muscle Shoals, AL Metro Area",M1,1,G3110,3264212409,214450972,34.80,-87.72,NA,19,NA,859,2.21,NA,NA
136,21780,NA,21780,"Evansville, IN-KY","Evansville, IN-KY Metro Area",M1,1,G3110,3793444395,125176173,38.02,-87.59,45,47,14,578,8.13,7.79,2.42
137,33860,NA,33860,"Montgomery, AL","Montgomery, AL Metro Area",M1,1,G3110,7027037498,189733905,32.37,-86.40,NA,87,NA,1398,6.22,NA,NA
138,21140,515,21140,"Elkhart-Goshen, IN","Elkhart-Goshen, IN Metro Area",M1,1,G3110,1199614703,12423390,41.60,-85.86,23,120,3,665,18.05,3.46,0.45
139,24340,266,24340,"Grand Rapids-Wyoming, MI","Grand Rapids-Wyoming, MI Metro Area",M1,1,G3110,6914641979,2930476628,42.98,-85.81,NA,187,NA,2076,9.01,NA,NA
140,31140,350,31140,"Louisville/Jefferson County, KY-IN","Louisville/Jefferson County, KY-IN Metro Area",M1,1,G3110,9268040329,160362235,38.34,-85.67,NA,222,NA,3142,7.07,NA,NA
141,23060,258,23060,"Fort Wayne, IN","Fort Wayne, IN Metro Area",M1,1,G3110,3524916106,18669917,41.01,-85.22,NA,74,NA,1066,6.94,NA,NA
142,30460,336,30460,"Lexington-Fayette, KY","Lexington-Fayette, KY Metro Area",M1,1,G3110,3803528175,40707477,38.10,-84.44,NA,160,NA,1348,11.87,NA,NA
143,11460,220,11460,"Ann Arbor, MI","Ann Arbor, MI Metro Area",M1,1,G3110,1828433678,42623578,42.25,-83.84,49,98,0,656,14.94,7.47,0.00
144,23580,122,23580,"Gainesville, GA","Gainesville, GA Metro Area",M1,1,G3110,1017306098,94561948,34.32,-83.82,21,88,3,448,19.64,4.69,0.67
145,31420,356,31420,"Macon, GA","Macon, GA Metro Area",M1,1,G3110,4461725312,38847900,32.86,-83.71,NA,16,NA,440,3.64,NA,NA
146,22420,220,22420,"Flint, MI","Flint, MI Metro Area",M1,1,G3110,1649729501,32693085,43.02,-83.71,37,13,0,728,1.79,5.08,0.00
147,33780,220,33780,"Monroe, MI","Monroe, MI Metro Area",M1,1,G3110,1422996308,338244021,41.92,-83.49,NA,7,NA,596,1.17,NA,NA
148,19820,220,19820,"Detroit-Warren-Dearborn, MI","Detroit-Warren-Dearborn, MI Metro Area",M1,1,G3110,10072892006,897203024,42.72,-83.20,NA,1136,NA,9103,12.48,NA,NA
149,11700,120,11700,"Asheville, NC","Asheville, NC Metro Area",M1,1,G3110,5265357913,21779731,35.60,-82.68,83,88,6,890,9.89,9.33,0.67
150,23540,264,23540,"Gainesville, FL","Gainesville, FL Metro Area",M1,1,G3110,3172084250,257185419,29.68,-82.48,26,79,2,505,15.64,5.15,0.40
151,24860,273,24860,"Greenville-Anderson-Mauldin, SC","Greenville-Anderson-Mauldin, SC Metro Area",M1,1,G3110,7020898608,200411721,34.68,-82.41,NA,168,NA,2564,6.55,NA,NA
152,25860,280,25860,"Hickory-Lenoir-Morganton, NC","Hickory-Lenoir-Morganton, NC Metro Area",M1,1,G3110,4240788334,75209737,35.81,-81.46,39,50,5,658,7.60,5.93,0.76
153,10420,184,10420,"Akron, OH","Akron, OH Metro Area",M1,1,G3110,2331619578,62018442,41.15,-81.35,67,80,6,1316,6.08,5.09,0.46
154,19660,422,19660,"Deltona-Daytona Beach-Ormond Beach, FL","Deltona-Daytona Beach-Ormond Beach, FL Metro Area",M1,1,G3110,4109094861,1079325613,29.18,-81.19,78,77,5,1144,6.73,6.82,0.44
155,25940,NA,25940,"Hilton Head Island-Bluffton-Beaufort, SC","Hilton Head Island-Bluffton-Beaufort, SC Metro Area",M1,1,G3110,3189787021,1013139043,32.39,-80.83,NA,74,NA,557,13.29,NA,NA
156,33100,370,33100,"Miami-Fort Lauderdale-West Palm Beach, FL","Miami-Fort Lauderdale-West Palm Beach, FL Metro Area",M1,1,G3110,13145453524,2749445492,26.10,-80.48,NA,5709,NA,11426,49.96,NA,NA
157,21500,240,21500,"Erie, PA","Erie, PA Metro Area",M1,1,G3110,2069952474,1965847842,42.12,-80.10,18,35,0,526,6.65,3.42,0.00
158,22500,NA,22500,"Florence, SC","Florence, SC Metro Area",M1,1,G3110,3525257657,24399017,34.15,-79.81,18,7,0,399,1.75,4.51,0.00
159,34060,390,34060,"Morgantown, WV","Morgantown, WV Metro Area",M1,1,G3110,2612979127,21733747,39.53,-79.80,NA,63,NA,1258,5.01,NA,NA
160,24660,268,24660,"Greensboro-High Point, NC","Greensboro-High Point, NC Metro Area",M1,1,G3110,5161864504,69081871,36.03,-79.79,68,212,14,1395,15.20,4.87,1.00
161,20500,450,20500,"Durham-Chapel Hill, NC","Durham-Chapel Hill, NC Metro Area",M1,1,G3110,4553919062,142312593,36.00,-79.10,74,234,10,1268,18.45,5.84,0.79
162,22180,246,22180,"Fayetteville, NC","Fayetteville, NC Metro Area",M1,1,G3110,2701923062,19282163,35.04,-78.98,NA,22,NA,589,3.74,NA,NA
163,24140,NA,24140,"Goldsboro, NC","Goldsboro, NC Metro Area",M1,1,G3110,1432263112,9863348,35.35,-78.01,NA,98,NA,501,19.56,NA,NA
164,25180,548,25180,"Hagerstown-Martinsburg, MD-WV","Hagerstown-Martinsburg, MD-WV Metro Area",M1,1,G3110,2017453322,25788393,39.54,-77.90,NA,69,NA,1416,4.87,NA,NA
165,24780,274,24780,"Greenville, NC","Greenville, NC Metro Area",M1,1,G3110,1687873422,8114836,35.59,-77.37,21,37,0,502,7.37,4.18,0.00
166,25420,276,25420,"Harrisburg-Carlisle, PA","Harrisburg-Carlisle, PA Metro Area",M1,1,G3110,4200960995,108892326,40.34,-77.05,30,107,6,1172,9.13,2.56,0.51
167,20100,428,20100,"Dover, DE","Dover, DE Metro Area",M1,1,G3110,1518565081,549102079,39.10,-75.50,NA,184,NA,1998,9.21,NA,NA
168,10900,408,10900,"Allentown-Bethlehem-Easton, PA-NJ","Allentown-Bethlehem-Easton, PA-NJ Metro Area",M1,1,G3110,3763879943,58581593,40.79,-75.40,NA,137,NA,1408,9.73,NA,NA
169,20700,408,20700,"East Stroudsburg, PA","East Stroudsburg, PA Metro Area",M1,1,G3110,1575560089,23131029,41.06,-75.33,53,65,4,537,12.10,9.87,0.74
170,10580,104,10580,"Albany-Schenectady-Troy, NY","Albany-Schenectady-Troy, NY Metro Area",M1,1,G3110,7282106737,172589034,42.79,-73.94,NA,127,NA,1643,7.73,NA,NA
171,24020,104,24020,"Glens Falls, NY","Glens Falls, NY Metro Area",M1,1,G3110,4398123501,205555420,43.44,-73.64,25,10,0,471,2.12,5.31,0.00
172,25540,278,25540,"Hartford-West Hartford-East Hartford, CT","Hartford-West Hartford-East Hartford, CT Metro Area",M1,1,G3110,3923052184,238346847,41.72,-72.57,NA,388,NA,3073,12.63,NA,NA
173,31700,148,31700,"Manchester-Nashua, NH","Manchester-Nashua, NH Metro Area",M1,1,G3110,2269346872,41478107,42.91,-71.72,NA,474,NA,3865,12.26,NA,NA
174,12260,NA,12260,"Augusta-Richmond County, GA-SC","Augusta-Richmond County, GA-SC Metro Area",M1,1,G3110,9015004609,262744093,33.46,-81.98,NA,54,NA,1259,4.29,NA,NA
175,15980,162,15980,"Cape Coral-Fort Myers, FL","Cape Coral-Fort Myers, FL Metro Area",M1,1,G3110,2031443679,1108606586,26.55,-81.89,85,264,15,1286,20.53,6.61,1.17
176,15940,184,15940,"Canton-Massillon, OH","Canton-Massillon, OH Metro Area",M1,1,G3110,2512120672,24803490,40.71,-81.26,38,5,3,852,0.59,4.46,0.35
177,17900,192,17900,"Columbia, SC","Columbia, SC Metro Area",M1,1,G3110,9590686398,339384218,34.08,-81.04,NA,103,NA,2411,4.27,NA,NA
178,16540,548,16540,"Chambersburg-Waynesboro, PA","Chambersburg-Waynesboro, PA Metro Area",M1,1,G3110,2000052119,1544300,39.93,-77.72,32,26,0,503,5.17,6.36,0.00
179,13780,NA,13780,"Binghamton, NY","Binghamton, NY Metro Area",M1,1,G3110,3171116711,36308390,42.16,-76.02,NA,31,NA,975,3.18,NA,NA
180,27980,NA,27980,"Kahului-Wailuku-Lahaina, HI","Kahului-Wailuku-Lahaina, HI Metro Area",M1,1,G3110,3039416740,3309063132,20.86,-156.60,NA,371,NA,1435,25.85,NA,NA
181,17020,NA,17020,"Chico, CA","Chico, CA Metro Area",M1,1,G3110,4238422715,105325812,39.67,-121.60,NA,54,NA,610,8.85,NA,NA
182,13460,140,13460,"Bend-Redmond, OR","Bend-Redmond, OR Metro Area",M1,1,G3110,7817045489,94746122,43.92,-121.23,NA,47,NA,994,4.73,NA,NA
183,28420,NA,28420,"Kennewick-Richland, WA","Kennewick-Richland, WA Metro Area",M1,1,G3110,7620989925,214519172,46.36,-119.25,NA,223,NA,1010,22.08,NA,NA
184,12540,NA,12540,"Bakersfield, CA","Bakersfield, CA Metro Area",M1,1,G3110,21061723516,79488735,35.35,-118.73,NA,489,NA,1463,33.42,NA,NA
185,17660,518,17660,"Coeur d'Alene, ID","Coeur d'Alene, ID Metro Area",M1,1,G3110,3222281604,185181742,47.68,-116.69,167,23,0,1400,1.64,11.93,0.00
186,14260,147,14260,"Boise City, ID","Boise City, ID Metro Area",M1,1,G3110,30472933785,175397532,43.01,-116.14,NA,558,NA,6153,9.07,NA,NA
187,29820,332,29820,"Las Vegas-Henderson-Paradise, NV","Las Vegas-Henderson-Paradise, NV Metro Area",M1,1,G3110,20438834319,438841388,36.21,-115.01,NA,2262,NA,8248,27.42,NA,NA
188,26820,292,26820,"Idaho Falls, ID","Idaho Falls, ID Metro Area",M1,1,G3110,13457009784,126025981,43.62,-112.42,NA,82,NA,926,8.86,NA,NA
189,13740,NA,13740,"Billings, MT","Billings, MT Metro Area",M1,1,G3110,15165554419,78148377,45.78,-108.73,NA,53,NA,2537,2.09,NA,NA
190,29740,238,29740,"Las Cruces, NM","Las Cruces, NM Metro Area",M1,1,G3110,9862379062,17584926,32.35,-106.83,NA,446,NA,1590,28.05,NA,NA
191,14500,216,14500,"Boulder, CO","Boulder, CO Metro Area",M1,1,G3110,1881212055,36592000,40.09,-105.40,56,127,10,706,17.99,7.93,1.42
192,17820,NA,17820,"Colorado Springs, CO","Colorado Springs, CO Metro Area",M1,1,G3110,6951302281,12053395,38.85,-104.64,NA,107,NA,1374,7.79,NA,NA
193,29700,NA,29700,"Laredo, TX","Laredo, TX Metro Area",M1,1,G3110,8706200257,36536159,27.76,-99.34,25,204,13,462,44.16,5.41,2.81
194,28660,NA,28660,"Killeen-Temple, TX","Killeen-Temple, TX Metro Area",M1,1,G3110,7293536095,110014155,31.20,-97.79,NA,156,NA,757,20.61,NA,NA
195,12420,NA,12420,"Austin-Round Rock, TX","Austin-Round Rock, TX Metro Area",M1,1,G3110,10933496832,151856267,30.24,-97.69,NA,1031,NA,4397,23.45,NA,NA
196,15180,154,15180,"Brownsville-Harlingen, TX","Brownsville-Harlingen, TX Metro Area",M1,1,G3110,2307839892,998169935,26.10,-97.48,27,132,17,549,24.04,4.92,3.10
197,18580,204,18580,"Corpus Christi, TX","Corpus Christi, TX Metro Area",M1,1,G3110,4620109987,1599382636,27.90,-97.40,NA,112,NA,669,16.74,NA,NA
198,19100,206,19100,"Dallas-Fort Worth-Arlington, TX","Dallas-Fort Worth-Arlington, TX Metro Area",M1,1,G3110,24035191870,922063119,32.82,-97.03,NA,3386,NA,13503,25.08,NA,NA
199,17780,NA,17780,"College Station-Bryan, TX","College Station-Bryan, TX Metro Area",M1,1,G3110,5439680731,85824949,30.75,-96.49,28,101,7,479,21.09,5.85,1.46
200,28140,312,28140,"Kansas City, MO-KS","Kansas City, MO-KS Metro Area",M1,1,G3110,18792678289,304085198,38.93,-94.44,NA,529,NA,6042,8.76,NA,NA
201,13140,NA,13140,"Beaumont-Port Arthur, TX","Beaumont-Port Arthur, TX Metro Area",M1,1,G3110,7858904931,764353319,30.35,-94.12,43,90,5,707,12.73,6.08,0.71
202,29340,NA,29340,"Lake Charles, LA","Lake Charles, LA Metro Area",M1,1,G3110,6082764224,1767344271,29.98,-93.25,54,24,1,1050,2.29,5.14,0.10
203,29180,318,29180,"Lafayette, LA","Lafayette, LA Metro Area",M1,1,G3110,8828910403,2348844612,29.96,-92.05,NA,147,NA,2338,6.29,NA,NA
204,26980,168,26980,"Iowa City, IA","Iowa City, IA Metro Area",M1,1,G3110,3063678109,28948927,41.52,-91.65,52,108,10,621,17.39,8.37,1.61
205,16300,168,16300,"Cedar Rapids, IA","Cedar Rapids, IA Metro Area",M1,1,G3110,5202686443,29083693,42.09,-91.63,28,37,0,618,5.99,4.53,0.00
206,12940,NA,12940,"Baton Rouge, LA","Baton Rouge, LA Metro Area",M1,1,G3110,10429567733,456494780,30.57,-91.13,NA,262,NA,3582,7.31,NA,NA
207,19340,209,19340,"Davenport-Moline-Rock Island, IA-IL","Davenport-Moline-Rock Island, IA-IL Metro Area",M1,1,G3110,5878613363,114201813,41.39,-90.46,52,57,0,979,5.82,5.31,0.00
208,27140,298,27140,"Jackson, MS","Jackson, MS Metro Area",M1,1,G3110,12040471900,208508037,32.32,-90.22,NA,141,NA,3134,4.50,NA,NA
209,16060,NA,16060,"Carbondale-Marion, IL","Carbondale-Marion, IL Metro Area",M1,1,G3110,2600974322,110046661,37.76,-89.19,21,9,0,291,3.09,7.22,0.00
210,27500,357,27500,"Janesville-Beloit, WI","Janesville-Beloit, WI Metro Area",M1,1,G3110,1859887390,20681629,42.67,-89.08,16,13,1,433,3.00,3.70,0.23
211,14010,145,14010,"Bloomington, IL","Bloomington, IL Metro Area",M1,1,G3110,4094504732,27082489,40.41,-88.86,NA,28,NA,457,6.13,NA,NA
212,16580,NA,16580,"Champaign-Urbana, IL","Champaign-Urbana, IL Metro Area",M1,1,G3110,4975458579,7928464,40.23,-88.30,NA,77,NA,527,14.61,NA,NA
213,16980,176,16980,"Chicago-Naperville-Elgin, IL-IN-WI","Chicago-Naperville-Elgin, IL-IN-WI Metro Area",M1,1,G3110,18640180253,6168195319,41.82,-87.83,NA,4287,NA,19074,22.48,NA,NA
214,19300,380,19300,"Daphne-Fairhope-Foley, AL","Daphne-Fairhope-Foley, AL Metro Area",M1,1,G3110,4117584013,1133129224,30.66,-87.75,NA,60,NA,1141,5.26,NA,NA
215,17300,NA,17300,"Clarksville, TN-KY","Clarksville, TN-KY Metro Area",M1,1,G3110,4398075054,132335357,36.75,-87.56,NA,70,NA,1109,6.31,NA,NA
216,29200,320,29200,"Lafayette-West Lafayette, IN","Lafayette-West Lafayette, IN Metro Area",M1,1,G3110,3311166848,16373698,40.51,-86.93,4,24,1,402,5.97,1.00,0.25
217,13820,142,13820,"Birmingham-Hoover, AL","Birmingham-Hoover, AL Metro Area",M1,1,G3110,13675107149,232538326,33.46,-86.81,NA,212,NA,4478,4.73,NA,NA
218,26620,290,26620,"Huntsville, AL","Huntsville, AL Metro Area",M1,1,G3110,3526349956,151144361,34.78,-86.73,NA,161,NA,1850,8.70,NA,NA
219,14020,144,14020,"Bloomington, IN","Bloomington, IN Metro Area",M1,1,G3110,2019733549,50045972,39.24,-86.67,NA,23,NA,335,6.87,NA,NA
220,14540,150,14540,"Bowling Green, KY","Bowling Green, KY Metro Area",M1,1,G3110,4182605024,62139750,37.05,-86.40,NA,49,NA,494,9.92,NA,NA
221,26900,294,26900,"Indianapolis-Carmel-Anderson, IN","Indianapolis-Carmel-Anderson, IN Metro Area",M1,1,G3110,11153808785,88567120,39.74,-86.20,NA,401,NA,4474,8.96,NA,NA
222,28020,310,28020,"Kalamazoo-Portage, MI","Kalamazoo-Portage, MI Metro Area",M1,1,G3110,3030253787,1295530358,42.27,-86.04,NA,16,NA,707,2.26,NA,NA
223,16860,174,16860,"Chattanooga, TN-GA","Chattanooga, TN-GA Metro Area",M1,1,G3110,5410466556,126498051,35.05,-85.36,62,123,13,1463,8.41,4.24,0.89
224,12220,194,12220,"Auburn-Opelika, AL","Auburn-Opelika, AL Metro Area",M1,1,G3110,1573552324,21488937,32.60,-85.35,NA,44,NA,916,4.80,NA,NA
225,12980,310,12980,"Battle Creek, MI","Battle Creek, MI Metro Area",M1,1,G3110,1829249871,31275675,42.24,-85.01,25,36,0,584,6.16,4.28,0.00
226,17980,194,17980,"Columbus, GA-AL","Columbus, GA-AL Metro Area",M1,1,G3110,5014777653,61081469,32.44,-84.90,NA,15,NA,530,2.83,NA,NA
227,17420,174,17420,"Cleveland, TN","Cleveland, TN Metro Area",M1,1,G3110,1977283659,26793316,35.14,-84.66,NA,5,NA,584,0.86,NA,NA
228,29620,330,29620,"Lansing-East Lansing, MI","Lansing-East Lansing, MI Metro Area",M1,1,G3110,4397041601,44017378,42.71,-84.61,NA,77,NA,1000,7.70,NA,NA
229,17140,178,17140,"Cincinnati, OH-KY-IN","Cincinnati, OH-KY-IN Metro Area",M1,1,G3110,10788684057,192334753,39.07,-84.43,NA,283,NA,4531,6.25,NA,NA
230,27100,NA,27100,"Jackson, MI","Jackson, MI Metro Area",M1,1,G3110,1817308302,56538564,42.25,-84.42,44,36,0,503,7.16,8.75,0.00
231,12060,122,12060,"Atlanta-Sandy Springs-Roswell, GA","Atlanta-Sandy Springs-Roswell, GA Metro Area",M1,1,G3110,22485809510,398427699,33.69,-84.40,NA,2141,NA,11649,18.38,NA,NA
232,19380,212,19380,"Dayton, OH","Dayton, OH Metro Area",M1,1,G3110,3320017376,21705383,39.83,-84.14,NA,76,NA,1440,5.28,NA,NA
233,28940,314,28940,"Knoxville, TN","Knoxville, TN Metro Area",M1,1,G3110,9066318482,386471845,36.04,-84.14,131,135,5,2251,6.00,5.82,0.22
234,12020,122,12020,"Athens-Clarke County, GA","Athens-Clarke County, GA Metro Area",M1,1,G3110,2654353088,26370977,33.94,-83.21,23,36,3,338,10.65,6.80,0.89
235,18140,198,18140,"Columbus, OH","Columbus, OH Metro Area",M1,1,G3110,12423532141,138606167,39.97,-82.84,NA,281,NA,3706,7.58,NA,NA
236,28700,304,28700,"Kingsport-Bristol-Bristol, TN-VA","Kingsport-Bristol-Bristol, TN-VA Metro Area",M1,1,G3110,5205840458,96136681,36.60,-82.44,42,36,4,700,5.14,6.00,0.57
237,26580,170,26580,"Huntington-Ashland, WV-KY-OH","Huntington-Ashland, WV-KY-OH Metro Area",M1,1,G3110,6546101845,91680146,38.37,-82.39,NA,30,NA,2229,1.35,NA,NA
238,27740,304,27740,"Johnson City, TN","Johnson City, TN Metro Area",M1,1,G3110,2211413861,26142889,36.25,-82.33,NA,26,NA,543,4.79,NA,NA
239,27260,300,27260,"Jacksonville, FL","Jacksonville, FL Metro Area",M1,1,G3110,8293138571,1285729956,30.24,-81.76,NA,260,NA,2872,9.05,NA,NA
240,29460,NA,29460,"Lakeland-Winter Haven, FL","Lakeland-Winter Haven, FL Metro Area",M1,1,G3110,4653250695,553800050,27.95,-81.69,69,157,24,1075,14.60,6.42,2.23
241,17460,184,17460,"Cleveland-Elyria, OH","Cleveland-Elyria, OH Metro Area",M1,1,G3110,5174470870,5132075101,41.76,-81.72,NA,246,NA,4057,6.06,NA,NA
242,16620,170,16620,"Charleston, WV","Charleston, WV Metro Area",M1,1,G3110,4520564666,32465412,38.28,-81.49,NA,27,NA,1894,1.43,NA,NA
243,16740,172,16740,"Charlotte-Concord-Gastonia, NC-SC","Charlotte-Concord-Gastonia, NC-SC Metro Area",M1,1,G3110,13122824461,290855932,35.19,-80.87,NA,645,NA,5411,11.92,NA,NA
244,13980,NA,13980,"Blacksburg-Christiansburg-Radford, VA","Blacksburg-Christiansburg-Radford, VA Metro Area",M1,1,G3110,3763221779,46075636,37.12,-80.53,9,43,0,295,14.58,3.05,0.00
245,16700,NA,16700,"Charleston-North Charleston, SC","Charleston-North Charleston, SC Metro Area",M1,1,G3110,6703756813,1488520869,33.01,-80.01,NA,119,NA,2087,5.70,NA,NA
246,15500,268,15500,"Burlington, NC","Burlington, NC Metro Area",M1,1,G3110,1098038862,27933266,36.04,-79.40,NA,125,NA,778,16.07,NA,NA
247,15380,160,15380,"Buffalo-Cheektowaga-Niagara Falls, NY","Buffalo-Cheektowaga-Niagara Falls, NY Metro Area",M1,1,G3110,4053461568,2075804933,43.04,-78.78,NA,174,NA,2082,8.36,NA,NA
248,27780,306,27780,"Johnstown, PA","Johnstown, PA Metro Area",M1,1,G3110,1782823041,13677375,40.51,-78.71,NA,0,NA,361,0.00,NA,NA
249,16820,NA,16820,"Charlottesville, VA","Charlottesville, VA Metro Area",M1,1,G3110,5759372808,45545340,37.85,-78.58,NA,68,NA,741,9.18,NA,NA
250,27340,NA,27340,"Jacksonville, NC","Jacksonville, NC Metro Area",M1,1,G3110,1975580950,370722552,34.76,-77.50,NA,32,NA,630,5.08,NA,NA
251,12580,548,12580,"Baltimore-Columbia-Towson, MD","Baltimore-Columbia-Towson, MD Metro Area",M1,1,G3110,6737902107,1304071479,39.30,-76.55,NA,819,NA,5299,15.46,NA,NA
252,15680,548,15680,"California-Lexington Park, MD","California-Lexington Park, MD Metro Area",M1,1,G3110,925648069,1053753865,38.22,-76.53,NA,3,NA,466,0.64,NA,NA
253,29540,NA,29540,"Lancaster, PA","Lancaster, PA Metro Area",M1,1,G3110,2444495031,103535036,40.04,-76.25,73,56,0,1003,5.58,7.28,0.00
254,12100,428,12100,"Atlantic City-Hammonton, NJ","Atlantic City-Hammonton, NJ Metro Area",M1,1,G3110,1439256827,300767732,39.47,-74.63,11,98,0,521,18.81,2.11,0.00
255,14860,408,14860,"Bridgeport-Stamford-Norwalk, CT","Bridgeport-Stamford-Norwalk, CT Metro Area",M1,1,G3110,1618664455,548955210,41.23,-73.37,209,703,69,2352,29.89,8.89,2.93
256,15540,NA,15540,"Burlington-South Burlington, VT","Burlington-South Burlington, VT Metro Area",M1,1,G3110,3243268574,657471312,44.69,-73.04,NA,262,NA,4080,6.42,NA,NA
257,14460,148,14460,"Boston-Cambridge-Newton, MA-NH","Boston-Cambridge-Newton, MA-NH Metro Area",M1,1,G3110,9032882339,2654345192,42.52,-71.02,NA,3441,NA,16560,20.78,NA,NA
258,12700,148,12700,"Barnstable Town, MA","Barnstable Town, MA Metro Area",M1,1,G3110,1019719638,2361606119,41.80,-70.21,NA,44,NA,408,10.78,NA,NA
259,30340,438,30340,"Lewiston-Auburn, ME","Lewiston-Auburn, ME Metro Area",M1,1,G3110,1211937419,75599699,44.17,-70.21,NA,28,NA,608,4.61,NA,NA
260,12620,NA,12620,"Bangor, ME","Bangor, ME Metro Area",M1,1,G3110,8799074164,413603851,45.41,-68.67,48,25,0,821,3.05,5.85,0.00
